"Status","Name","Duration in ms","Description"
"skipped","script.test_login.Testlb.test_q1","1",""
"skipped","script.test_login.Testlb.test_q4","1",""
"skipped","script.test_login.Testlb.test_q8","1",""
"passed","script.test_login.Testlb.test_login[15527491761-123]","22660",""
"skipped","script.test_login.Testlb.test_q5","1",""
"skipped","script.test_login.Testlb.test_q7","0",""
"skipped","script.test_login.Testlb.test_q2","0",""
"skipped","script.test_login.Testlb.test_q6","1",""
"skipped","script.test_login.Testlb.test_q9","0",""
